Workbook

Sheet 📋 使い方
B2: ヨミテ マーケティング スキル評価シート
B3: あなたの「今」を正直に。成長の地図を描こう。
B5: ▌ 評価基準
B6: ◎ | C6: 完全にできる — 高水準で自走できる。成果を出している実績がある
B7: ○ | C7: おおむねできる — ほぼ自走できる。一部確認・サポートがあれば対応可能
B8: △ | C8: 理解しているが不十分 — 概念は理解しているが実践が足りない。成果に繋がっていない
B9: × | C9: 現状できない — 未経験または知識が不十分。習得・強化が必要
B11: ▌ 使い方
B12: STEP 1 | C12: スキル評価シートを開く ／ 「📊 スキル評価シート」タブをクリック
B13: STEP 2 | C13: 自己評価を記入する ／ 「自己評価」列に ◎ / ○ / △ / × のいずれかを入力（プルダウンから選択可）
B14: STEP 3 | C14: 上長にレビューしてもらう ／ 「上長評価」列を上長が記入。自己評価とのズレを1on1で確認
B15: STEP 4 | C15: 集計シートで振り返る ／ 「📈 集計」タブで得点とカテゴリー別スコアを確認
B17: ▌ ひとことアドバイス
B18: 💬 | C18: 自己評価は「できてるはず」ではなく「成果を出した実績がある」で◎をつけよう。
B19: 💬 | C19: △や×は「これから伸びる余地」。正直に書くほど、次のアクションが明確になる。
B20: 💬 | C20: 「◎を多くつけること」が目的ではない。自分と上長の見え方のズレを発見することが目的。

Sheet 📊 スキル評価シート
A2: ヨミテ マーケティング スキル評価シート | Web広告領域 特化版
A3: # | B3: No. | C3: スキル名 | D3: ◎ のレベル（この水準で◎） | E3: 重要度 | F3: 自己評価 | G3: 上長評価 | H3: メモ・コメント
A4: 💡 コピー力・法規制活用・訴求開発力
A5: 0 | B5: 0-1 | C5: ★ 訴求の手数 | D5: 1テーマに対して30パターン以上の訴求軸（悩み/比較/権威/感情/数字…）を量産できる。同じ表現を繰り返さず「まだ試していない角度」を常に問い続けられる | E5: CPA直結
A6: 0 | B6: 0-2 | C6: ★ 言葉の選択と精度 | D6: 「効果的」ではなく「3週間後の朝に鏡で驚く」——抽象を具体的な生活シーンに変換できる。「この言葉でなければならない理由」を語れる | E6: CPA直結
A7: 0 | B7: 0-3 | C7: ⚖ 法規制を活用した強い訴求設計 | D7: 薬機法・景表法・特商法の規制範囲を正確に理解した上で「アウトではなくギリギリセーフの最大表現」を設計できる。規制を武器にして強い訴求を作れる | E7: CPA直結
A8: 0 | B8: 0-4 | C8: ⚖ 法律×コピーの即時判断 | D8: 作ったコピーを見て「アウト/グレー/セーフ」を即座に分類できる。「なんとなく怖い」ではなく「ここまでは出せる」の根拠を持って動ける | E8: CPA直結
A9: 0 | B9: 0-5 | C9: ★ エビデンスを取りに行く姿勢 | D9: 「こういうコピーにしたいからこのエビデンスが必要」と逆算して動ける。外部アンケート委託・クラウドワークス活用・成分データ調査まで自分で動ける | E9: CPA直結
A10: 0 | B10: 0-6 | C10: インタビュー発言のコピー化 | D10: 顧客インタビューで出た言葉を「そのまま使えるコピー候補」として聞き取れる。インタビュー翌週に制作物に反映できている | E10: CPA直結
A12: 📊 広告運用
A13: 1 | B13: 1-1 | C13: 媒体ロジック理解 | D13: Meta/Google/TikTok/LINE/Yahoo等の配信ロジックを説明できる。媒体ごとの得意不得意を商品特性と紐づけて判断できる | E13: CPA直結
A14: 1 | B14: 1-2 | C14: アカウント設定・構造設計 | D14: キャンペーン/広告セット/広告のレイヤー設計。テスト用・スケール用・リターゲ用の構造設計。新媒体への初期設定が一人でできる | E14: 基盤
A15: 1 | B15: 1-3 | C15: タグ設置・計測連携 | D15: Metaピクセル/GA4/GTM設置・確認。EC-Forceとの連携。「今の計測は正確か」を常に疑える。計測漏れによるCPA誤認を起こさない | E15: CPA直結
A16: 1 | B16: 1-4 | C16: 予算コントロール（伸縮判断） | D16: CPAが安い時に素早く伸ばし、高騰時に適切に抑える判断力。「今日の数字」を見て午前中に動ける。Day100件を軸にした日次判断基準を持っている | E16: CPA直結
A17: 1 | B17: 1-5 | C17: オーディエンス設計 | D17: Meta類似/インタレスト/リターゲの組み合わせ設計。Advantage+活用の判断。テスト→スケールへの切り替え判断 | E17: CPA直結
A18: 1 | B18: 1-6 | C18: 広告審査・リジェクト対応 | D18: 健康食品・スキンケア領域の各媒体ポリシー理解。リジェクト時に「どこを変えれば通るか」を即判断できる | E18: CVR
A19: 1 | B19: 1-7 | C19: クリエイティブ疲弊検知・入れ替え | D19: CTR/CPAの推移から疲弊を検知する数値基準を持っている。「次に何を入れるか」の方向性判断までセット。疲弊前に次を用意できる先回り力 | E19: CPA直結
A20: 1 | B20: 1-8 | C20: リターゲ施策設計 | D20: ロジカド・SMSリマーケ・商標リスティング等の活用。CVに至らなかったユーザーへの再アプローチ設計。SMS文言の最適化も含む | E20: CVR
A22: 📝 記事LP
A23: 2 | B23: 2-1 | C23: ★ コンテンツ戦略設計 | D23: 「何を言うべきか」の上流設計。競合との比較でギャップを特定し「何を作れば勝てるか」を考え抜ける。不足素材を自ら動いて埋める姿勢がある | E23: CPA直結
A24: 2 | B24: 2-2 | C24: 記事LP全体構成設計 | D24: フック→共感→問題→新認識→解決策→証拠→オファー→CTAの全体ワイヤー設計。訴求軸の選定・情報の順番・各ブロックの長さ配分まで設計できる | E24: CPA直結
A25: 2 | B25: 2-3 | C25: 権威性の調達・創出 | D25: 権威性が弱い時に「作りに行く」。外部アンケート委託・クラウドワークスでのレポート収集・質の高い口コミのための人探しまで動ける | E25: CPA直結
A26: 2 | B26: 2-4 | C26: フック設計（冒頭200字） | D26: 「これ私のことだ」と思わせる冒頭の言語設計。ターゲットの悩みを当人より解像度高く言語化できる。読み飛ばしを許さない引力がある | E26: CPA直結
A27: 2 | B27: 2-5 | C27: ★ 構成内の具体的表現力 | D27: 「腸内環境が乱れる」→「毎朝お腹が張って、出かける前に不安になる」。抽象を具体的な生活シーンに変換できる。読んでいて映像が浮かぶ描写 | E27: CPA直結
A28: 2 | B28: 2-6 | C28: 感情アーク・全文ライティング | D28: 読者の感情温度を「共感の谷→希望の山→決断」と設計するアーク構成力。全文を一人で書き切れる | E28: CPA直結
A29: 2 | B29: 2-7 | C29: スマホUI・離脱防止設計 | D29: スマホで見た時の読者体験を常に想像して制作できる。見出し・ウィジェット・キャッチーなワード選定で「縦スクロールで離脱されない」仕掛けを意図的に設計できる | E29: CPA直結
A30: 2 | B30: 2-8 | C30: 記事LP内画像・ビジュアル設計 | D30: 記事LP内の画像（グラフ・Before-After・表）をスマホ表示前提で設計できる。「この画像でCVRが上がるか」を問える | E30: CVR
A31: 2 | B31: 2-9 | C31: 信頼構造設計 | D31: 監修者・成分エビデンス・口コミ・数字の配置設計。「いつ・どこで信頼を作るか」の構造判断。早期権威配置の効果を理解している | E31: CVR
A32: 2 | B32: 2-10 | C32: CTA設計（数・配置・文言） | D32: CTAの本数・配置・ボタン文言・前後誘導文の設計。「今申し込まないと損だと感じさせる」必然性のあるCTA設計 | E32: CPA直結
A33: 2 | B33: 2-11 | C33: ⚖ 薬機法・景表法の表現設計 | D33: 各商品の表現規制を把握。「アウト/グレー/セーフ」を即判断し、CVRを下げずにリスクゼロを保てる。規制ギリギリの最大訴求を複数提示できる | E33: CVR
A34: 2 | B34: 2-12 | C34: 記事LP PDCA | D34: フック/構成/CTA/オファー表現のABテスト設計と結果判断。ヒートマップ・スクロール到達率でのボトルネック特定と改善サイクルを週次で回せる | E34: CPA直結
A36: 🛒 商品LP・チャットボット
A37: 3 | B37: 3-1 | C37: 商品LP全体構成・コピー設計 | D37: FV→特徴訴求→成分→使い方→口コミ→FAQ→CTAの各セクション設計。FVキャッチを単独で書けてデザイナーブリーフに落とせる | E37: CPA直結
A38: 3 | B38: 3-2 | C38: チャットボットシナリオ設計 | D38: 分岐フロー設計・各分岐の文言・離脱防止ライン設計。申込前の最後の疑問を潰すシナリオ構成。初回価格/特典/緊急性の見せ方設計 | E38: CPA直結
A39: 3 | B39: 3-3 | C39: オファー・価格設計 | D39: 初回価格・割引率・特典のセット設計。申込衝動を引き出す価格と継続率を下げない特典設計。キャンペーン設計でCVRをブーストできる | E39: CPA直結
A40: 3 | B40: 3-4 | C40: EC-Force仕様理解・LP高速化 | D40: EC-Forceの申込フォーム・定期設定の理解。jQuery禁忌を把握。画像最適化/preload/fetchpriorityによる高速化の技術判断 | E40: CVR
A41: 3 | B41: 3-5 | C41: デザイナー・コーダーブリーフ | D41: ターゲット感情/色温度/情報優先度/視線誘導まで言語化したブリーフ。初稿から8割合格品質を引き出す指示精度 | E41: 基盤
A42: 3 | B42: 3-6 | C42: 商品LP・CB PDCA | D42: FV/CTA/オファー表現/チャットボット分岐のABテスト設計と結果判断。「何を変えたらどれだけ動いたか」を定量で語れる | E42: CPA直結
A44: 🎬 動画クリエイティブ
A45: 4 | B45: 4-1 | C45: 動画企画・訴求軸設計 | D45: UGC/解説/Before-After/比較/証言等の「型」選定と最適型適用。メタの勝ちクリエイティブのTikTok転用判断 | E45: CPA直結
A46: 4 | B46: 4-2 | C46: ★ 動画台本ライティング | D46: 冒頭3秒フック→感情アーク構成。60秒尺で視聴維持率を最大化する構成力。既存情報を動画に適した言葉・テンポに「噛み砕いて変換」するコピー力 | E46: CPA直結
A47: 4 | B47: 4-3 | C47: キャスティング（モデル選定・管理） | D47: 月1回以上のモデル手配実績。ターゲットに「自分に近い」「憧れる」と感じさせるモデル選定基準を持っている | E47: CVR
A48: 4 | B48: 4-4 | C48: 素材収集・AI生成活用 | D48: クラウドワークスでの素材収集・ストック動画ツール活用。Gemini画像生成→Runway/Kling動画化のワークフロー実務活用 | E48: 基盤
A49: 4 | B49: 4-5 | C49: 編集ディレクション | D49: カット割り/テロップ/BGM/エフェクト/テンポを指示書に落とせる。修正ループを最小化する初回指示力 | E49: CVR
A50: 4 | B50: 4-6 | C50: 動画品質判断・GO判定 | D50: 「この動画は出稿していいか」の最終判断。フック強度/テンポ/信頼構造/CTAの4軸で「なぜ勝つか」を言語化して判定できる | E50: CPA直結
A51: 4 | B51: 4-7 | C51: 動画クリエイティブ PDCA | D51: フック違い/CTA違い/尺違い/訴求軸違いの変数設定。勝ちパターン抽出と横展開。数字と結びつけた記録・仮説化 | E51: CPA直結
A52: 4 | B52: 4-8 | C52: 勝ちクリエイティブの量産設計 | D52: 過去CVデータからパターン化して量産指示できる。週何百本レベルの制作量を担保する仕組み設計 | E52: CPA直結
A54: 🖼️ 静止画クリエイティブ
A55: 5 | B55: 5-1 | C55: バナーコンセプト設計 | D55: 「何を言うか×誰に届けるか×どう見せるか」の3軸設計。悩み/効果/比較/権威訴求の選定と優先順位付け | E55: CPA直結
A56: 5 | B56: 5-2 | C56: バナーコピーライティング | D56: 「止まる・読む・クリックする」3段階を起こすフックコピー設計。媒体別の文字量制限・表現規制を理解したコピー作成 | E56: CPA直結
A57: 5 | B57: 5-3 | C57: デザイナーブリーフ・品質判断 | D57: 視線誘導/コントラスト/情報優先度を含む制作ブリーフ。「なぜこのデザインが勝つ/負けるか」を言語化して修正指示できる | E57: CVR
A58: 5 | B58: 5-4 | C58: 媒体別フォーマット最適化 | D58: Meta/Google/TikTok各媒体のサイズ・縦横比・文字量規定の理解と媒体別最適化。ポリシー対応の実務知識 | E58: 基盤
A59: 5 | B59: 5-5 | C59: 静止画 PDCA | D59: 訴求軸/ビジュアル/コピーの変数設定とABテスト。勝ちバナーの共通項抽出と横展開。動画との効果比較分析 | E59: CVR
A61: 🎥 撮影・制作ディレクション
A62: 6 | B62: 6-1 | C62: 撮影企画・指示書作成 | D62: 完成動画から逆算した撮影計画。カット割り/アングル/照明/背景/衣装/表情の指示書作成。撮影前に完成イメージが頭にある状態 | E62: CVR
A63: 6 | B63: 6-2 | C63: 撮影現場リアルタイム指示 | D63: 現場でモデル・カメラマンに「今のはOK/NG、こう変えて」が即座に言える。表情・セリフ・動きへの具体的な修正指示力【全員◎目標】 | E63: CVR
A64: 6 | B64: 6-3 | C64: 社内メンバー出演の設計・実施 | D64: CTR/CVRの高い社内モデル候補を見極める眼。社員への出演依頼・世界観説明・撮影指示。社内撮影のスケジュール調整 | E64: 基盤
A65: 6 | B65: 6-4 | C65: モデル事務所・スタジオ管理 | D65: 月1回以上のモデル手配・スタジオ予約の実務。「売れる動画に映えるモデル」を見分ける選定基準。コスト感覚を持ちながら品質担保 | E65: 基盤
A66: 6 | B66: 6-5 | C66: AI生成・素材収集の実務活用 | D66: Gemini→Runway/Kling のワークフロー実務活用。ストック素材ツール・クラウドワークス活用。AIと実写の使い分け判断 | E66: 基盤
A67: 6 | B67: 6-6 | C67: 外部パートナー管理 | D67: クラウドワークス等での素材調達・品質管理。動画編集者への指示精度と納期管理。外部コストを管理しながらスループットを最大化 | E67: 基盤
A69: 🎤 顧客インタビュー・インサイト抽出
A70: 7 | B70: 7-1 | C70: インタビュー設計・推進 | D70: 依頼メール文の作成・送付・回収の実務。インタビュー質問設計と本音を引き出すファシリテーション | E70: CVR
A71: 7 | B71: 7-2 | C71: インサイト抽出・言語化 | D71: 「購買の本当の理由」を「機能理由」ではなく「感情が動いた瞬間」まで掘り下げられる | E71: CPA直結
A72: 7 | B72: 7-3 | C72: 口コミ・証言の調達 | D72: 質の高い口コミを集めるためのリサーチ・人探し。外部アンケート委託・クラウドワークスでのレポート収集 | E72: CPA直結
A73: 7 | B73: 7-4 | C73: 顧客の声のコピー転用 | D73: インタビューで出た「顧客の言葉そのもの」をフック/記事LP/台本に組み込む習慣がある。転用時の薬機法チェックも含む | E73: CPA直結
A74: 7 | B74: 7-5 | C74: N1ペルソナ定義・更新 | D74: 「なぜその人が今日申し込むのか」まで解像度を上げたペルソナ定義。インタビューとデータを組み合わせて定期更新できる | E74: CPA直結
A76: 🔭 競合分析・市場調査
A77: 8 | B77: 8-1 | C77: 競合広告モニタリング | D77: 動画Pro等のツールを使った競合広告の常時モニタリング。「今どんな訴求が増えているか」を週次でキャッチできる | E77: CPA直結
A78: 8 | B78: 8-2 | C78: 競合LP・オファー分析 | D78: 競合の記事LP/商品LP/チャットボット/オファーを読み解く。「なぜ競合がこの設計をしているか」の意図まで言語化できる | E78: CVR
A79: 8 | B79: 8-3 | C79: 業界トレンドキャッチアップ | D79: D2C健康食品・スキンケア領域の広告トレンド変化を早期に察知して自社施策に反映できる | E79: CVR
A80: 8 | B80: 8-4 | C80: 情報収集ネットワーク活用 | D80: 業界のつながり・コミュニティ等から競合の内部情報を収集できる。公開情報だけに頼らない情報収集力 | E80: 基盤
A81: 8 | B81: 8-5 | C81: 調査→施策転用 | D81: 競合調査を「面白い情報収集」で終わらせず「だから次はこれをやる」に翌週の施策に落とせる速度感 | E81: CPA直結

Sheet 📈 集計
B2: スキル評価 集計結果
B4: カテゴリー | C4: ◎ | D4: ○ | E4: △ | F4: ×
B5: 💡 コピー力・法規制活用・訴求開発力 | C5: =COUNTIF('📊 スキル評価シート'!$F$5:$F$10,"◎") | D5: =COUNTIF('📊 スキル評価シート'!$F$5:$F$10,"○") | E5: =COUNTIF('📊 スキル評価シート'!$F$5:$F$10,"△") | F5: =COUNTIF('📊 スキル評価シート'!$F$5:$F$10,"×")
B6: 📊 広告運用 | C6: =COUNTIF('📊 スキル評価シート'!$F$13:$F$20,"◎") | D6: =COUNTIF('📊 スキル評価シート'!$F$13:$F$20,"○") | E6: =COUNTIF('📊 スキル評価シート'!$F$13:$F$20,"△") | F6: =COUNTIF('📊 スキル評価シート'!$F$13:$F$20,"×")
B7: 📝 記事LP | C7: =COUNTIF('📊 スキル評価シート'!$F$23:$F$34,"◎") | D7: =COUNTIF('📊 スキル評価シート'!$F$23:$F$34,"○") | E7: =COUNTIF('📊 スキル評価シート'!$F$23:$F$34,"△") | F7: =COUNTIF('📊 スキル評価シート'!$F$23:$F$34,"×")
B8: 🛒 商品LP・チャットボット | C8: =COUNTIF('📊 スキル評価シート'!$F$37:$F$42,"◎") | D8: =COUNTIF('📊 スキル評価シート'!$F$37:$F$42,"○") | E8: =COUNTIF('📊 スキル評価シート'!$F$37:$F$42,"△") | F8: =COUNTIF('📊 スキル評価シート'!$F$37:$F$42,"×")
B9: 🎬 動画クリエイティブ | C9: =COUNTIF('📊 スキル評価シート'!$F$45:$F$52,"◎") | D9: =COUNTIF('📊 スキル評価シート'!$F$45:$F$52,"○") | E9: =COUNTIF('📊 スキル評価シート'!$F$45:$F$52,"△") | F9: =COUNTIF('📊 スキル評価シート'!$F$45:$F$52,"×")
B10: 🖼️ 静止画クリエイティブ | C10: =COUNTIF('📊 スキル評価シート'!$F$55:$F$59,"◎") | D10: =COUNTIF('📊 スキル評価シート'!$F$55:$F$59,"○") | E10: =COUNTIF('📊 スキル評価シート'!$F$55:$F$59,"△") | F10: =COUNTIF('📊 スキル評価シート'!$F$55:$F$59,"×")
B11: 🎥 撮影・制作ディレクション | C11: =COUNTIF('📊 スキル評価シート'!$F$62:$F$67,"◎") | D11: =COUNTIF('📊 スキル評価シート'!$F$62:$F$67,"○") | E11: =COUNTIF('📊 スキル評価シート'!$F$62:$F$67,"△") | F11: =COUNTIF('📊 スキル評価シート'!$F$62:$F$67,"×")
B12: 🎤 顧客インタビュー・インサイト抽出 | C12: =COUNTIF('📊 スキル評価シート'!$F$70:$F$74,"◎") | D12: =COUNTIF('📊 スキル評価シート'!$F$70:$F$74,"○") | E12: =COUNTIF('📊 スキル評価シート'!$F$70:$F$74,"△") | F12: =COUNTIF('📊 スキル評価シート'!$F$70:$F$74,"×")
B13: 🔭 競合分析・市場調査 | C13: =COUNTIF('📊 スキル評価シート'!$F$77:$F$81,"◎") | D13: =COUNTIF('📊 スキル評価シート'!$F$77:$F$81,"○") | E13: =COUNTIF('📊 スキル評価シート'!$F$77:$F$81,"△") | F13: =COUNTIF('📊 スキル評価シート'!$F$77:$F$81,"×")
B14: 合計 | C14: =SUM(C5:C13) | D14: =SUM(D5:D13) | E14: =SUM(E5:E13) | F14: =SUM(F5:F13)
B16: ※ 上の集計は「自己評価」列のみをカウントしています。上長評価の集計は別途ご確認ください。
